ID,Answer
0,白色羽毛
1,《臺灣府志》
2,袁晁
3,國柏林陸軍學院
4,決勝局
5,聶耳
6,1884年
7,西漢的版圖向西擴張
8,英國
9,起到醜化對手的作用
10,周星馳
11,三中老
12,高架車站
13,anticipation
14,2004年
15,硫化氫
16,華萊士
17,外面的部份溫度會比內部核心的低
18,經濟
19,100公里
20,愛爾蘭語
21,荷蘭
22,硫磺
23,塞爾維亞反對黨
24,1910年代
25,外交活動
26,拉丁文
27,猶太基督徒
28,1964年
29,霍克菲爾德
30,被迫外遷
31,《金驢記》
32,灣仔
33,潮州
34,一種無限制的、自私、而野蠻的競爭情況
35,1964年
36,新北市
37,小白宮
38,沒有
39,南人
40,宋端宗
41,四千名
42,46億年
43,1048年
44,《國民養老保險法》
45,第一教學樓後側
46,1937年
47,航天技術
48,1932年
49,大型購物中心[UNK]開幕
50,康熙帝
51,商務印書館
52,1960年代
53,亞歷山大一世被刺殺
54,紐約市
55,基督教
56,預覽阿爾法版本
57,100萬
58,新北市
59,佔領行動
60,路易十五
61,中國國民黨
62,中生代侏羅紀
63,阿拉貢國王卡洛斯三世
64,熱帶雨林氣候
65,意圖完全擺脫漢朝的控制
66,李宗仁
67,東漢
68,前三點起落架
69,弘治十二年
70,亞洲
71,2016年
72,德意志聯邦共和國
73,氦
74,西班牙人入侵納瓦爾
75,建設部門
76,奧林匹克體育場
77,朱少文
78,羽柴秀吉
79,俾斯麥
80,金泳三
81,1958年
82,靈魂」
83,科龍港
84,蓋爾人
85,十二平均律
86,永平十二年
87,隋滅南陳
88,佛教
89,1861年
90,豐臣秀吉
91,三吳地區
92,英國
93,大躍進運動
94,國立武昌高等師範學校
95,蘇利南
96,1934年
97,檸檬酸咖啡因療法
98,1913年
99,1949年
100,大象
101,1915年
102,1600年
103,有絲分裂
104,德國
105,俘虜芝諾比亞
106,仁祖
107,十個
108,佛學論書
109,臺中高農
110,下薩克森邦
111,三天
112,1944年
113,伊皇后
114,咸豐帝
115,哈林河
116,孟加拉
117,男中音
118,中原
119,荷蘭語
120,威廉·洛厄爾·普特南
121,主席
122,德國
123,陳寅恪
124,刺殺
125,喃字的複雜及未標準化
126,二千九百公尺
127,1939年
128,施里芬計劃
129,福建林家
130,用來運貨
131,公民權
132,西人黨
133,2013年
134,臺北
135,查莫洛人
136,杭縣
137,蘇聯國旗
138,兩波
139,1941年
140,多腔磁控管雷達技術
141,點石齋畫報
142,南越地區
143,1988年
144,上吊方式自殺，約20%通過子彈自盡，只有10%通過服毒自殺
145,吉米卡特
146,沈括
147,《布告各省公啟》
148,阿拉里克
149,德蘇戰爭
150,髒層
151,工業國家
152,1949年
153,《最終解決德國問題條約》
154,清光緒十七年
155,雕像
156,防止中國共產黨滲透
157,65000平方
158,乙醚
159,唐太宗
160,卡爾梅克人
161,1969年11月12日
162,63位
163,舅舅
164,古希臘時代
165,盧安達語
166,香港九龍半島東面的海灣，泛指紅磡至觀塘之間一帶海域
167,蔣中正
168,農民
169,網景通訊公司
170,9月1日
171,1999年
172,《天淨沙》
173,七十年代
174,公元68年
175,南越國
176,莎草紙
177,岑智明
178,與法國爭奪歐洲大陸霸權而爆發的戰爭。戰爭是由法國發動，最後以普魯士大獲全勝，建立德意志帝國告終
179,公元前362年
180,創建強力政府
181,28歲
182,1955年
183,保加利亞
184,三大優點
185,10度
186,社會黨
187,西歐
188,波士頓
189,1992年
190,下旋球
191,體制
192,明朝
193,文藝復興
194,2000年
195,2012年
196,道縣玉蟾岩
197,赫爾戈蘭灣發生
198,森林
199,阿森納女子足球俱樂部
200,社會主義市場經濟
201,居民
202,1920年
203,深圳特區貨幣
204,多倫多
205,在軌道上驅動列車
206,彌爾
207,中央情報局
208,艾瑪·史東
209,在時域上數學形式為連續函式的訊號
210,受到中國與印度的文化所影響
211,亞歷山大一世
212,
213,清涼
214,新北市
215,聯盟合作
216,第二次世界大戰
217,唐努烏梁海
218,七分人禍
219,好在歷史是人民寫的
220,美觀
221,臺中市精密機械科技創新園區位於台中市的南屯區
222,西部地區
223,1982年
224,1449年
225,天子
226,塔特拉山
227,莫斯科中山大學
228,發明家
229,2006年
230,沒有
231,體器官移植條例》
232,1262年
233,為增加米、糖等農作物產量
234,三倍
235,質量大於0.4太陽質量
236,颱風
237,2016年
238,1973年
239,第六
240,本科課程以苛刻的標準、繁重的學業壓力而著稱
241,鋁土礦
242,二戰後現代化建築
243,布農族
244,黑死病
245,2007年
246,查普曼
247,由於據傳在與比提尼亞國王的性行為中處於被動地位
248,2009年
249,洛杉磯湖人
250,溥[UNK]
251,副主席
252,
253,廣東省政府委員會
254,風之國度》
255,1951年
256,漢語拼音方案
257,1984年
258,地面車站
259,下薩克森邦
260,法蘭西第二帝國
261,廣東閩人
262,全勝紀錄
263,得以擺脫過去遇到地面雜訊就會癱瘓的窘境
264,哥白尼日心說
265,濃度低
266,
267,明朝
268,1848年
269,1954年
270,1997年
271,共同民主黨
272,《南華早報》
273,急性劇毒
274,佛像
275,阿聯
276,交通基建
277,重提步兵軍這一編制。1941年6月22日步兵師
278,平戶
279,以天狼星在東方地平線的出現
280,自律心肌細胞
281,2011年
282,德語地區
283,島機場
284,1237年
285,東羅馬
286,恭帝
287,德國
288,美國律師協會
289,1654年
290,清朝
291,廣開土大王
292,胡安·林茲
293,日本
294,1998年1月1日
295,第一星族
296,孟懷玉
297,鈣離子
298,383年
299,羅納爾迪尼奧
300,苻堅
301,大小島嶼組成
302,利奧三世
303,拉丁字母
304,要提升飛機的飛行安全
305,丁基羥基甲苯
306,中緬大戰
307,斯德哥爾摩
308,第三紀中新世
309,中華民國
310,高麗時期
311,靳雲鵬
312,1958年
313,《馬德里議定書》
314,446種
315,曹魏故都智慧之旅
316,亞德港
317,布爾什維克革命
318,金本位制度
319,彌爾
320,紅色
321,1928年
322,商品期貨
323,十多個
324,
325,楊宇霆
326,大力發展體育事業
327,元世祖
328,混合動力自行車
329,數學
330,亞熱帶季風氣候
331,經濟
332,目前沒有觀察到任何語言純[UNK]以力道來區分不同輔音
333,朱一貴
334,凱爾特部落群
335,
336,銃炮
337,1961年
338,1980年代
339,凱·艾維州長
340,高句麗
341,1980年
342,希伯來文
343,第四心音
344,2010年
345,武漢
346,1868年
347,托土拉島
348,德國
349,倫敦大學
350,最初
351,岡仁波齊峰
352,1973年
353,突厥
354,大島造船所
355,南斯拉夫社會主義聯邦共和國
356,正被邊緣化
357,硫化物
358,丹尼索瓦人混血
359,忽必烈
360,中國
361,2000年
362,管狀結構
363,奧地利
364,1954年
365,韓國
366,維京戈達島
367,1956年
368,史都華中校
369,1910年
370,突厥
371,當金朝遷都並將要滅亡之際，中亞新興大國花剌子模在沙阿摩訶末時期崛起
372,1988年
373,2011年
374,環境保護
375,巴爾的摩市
376,彰化市
377,社團部
378,她以為托爾金已經忘了她
379,電子郵件
380,孔子
381,大連路
382,2005年
383,中國對處決犯人一直採取保密的措施
384,異端審判庭
385,1970年
386,雙循環泵功能
387,1809年
388,美國有一個龐大的內需市場，而實行貿易保護主義
389,民國32年
390,害怕德軍在東線戰線上沒有足夠兵力應付俄國
391,幅員遼闊
392,伯克制
393,擺脫螺旋槳在接近音速時的上限
394,國家起源說
395,路易·巴斯德
396,台中軟體園區
397,宣統三年九月十九日
398,1991年
399,高麗官修正史
400,第二次工業革命
401,突厥語
402,碼頭
403,約翰·坎貝爾
404,8小時
405,樂壇女王
406,民國16年
407,國立廣東大學
408,亞伯拉罕諸教
409,六億七千多萬美金
410,妖怪
411,專家
412,中世紀佛蘭芒語
413,空氣，少量來自礦物的風化
414,不能有效解決國際動物學界面臨的學名混亂問題
415,阿爾泰語系
416,皇太極
417,信陽
418,一名
419,准將
420,質量
421,科技
422,媽祖
423,君士坦丁堡大賽車場
424,計劃委員會
425,15米
426,蘇丹
427,雲騎尉
428,[UNK]
429,2005年9月
430,恆星
431,那拉氏
432,辛酉政變
433,銅的礦物
434,統一企業
435,2456
436,生物學研究
437,陳誠
438,孫中山
439,蘇俄退出第一次世界大戰
440,德國工業
441,九一八事變
442,1978年
443,天皇
444,731
445,伊利諾伊州卡霍基亞土墩遺址
446,嘉義市
447,
448,肺呼氣機制
449,五角星
450,波斯薩珊王朝
451,航海貿易
452,威悉河隧道
453,以加掛[UNK]或[UNK]編號做區隔
454,中共中央政治局常委會
455,1991年
456,一條簡單的直線
457,236路車
458,
459,臺南州
460,布朗茜
461,南緯30度。其主要分布於大陸內陸區或背風的山區
462,一次大戰期間
463,第四盤
464,中華人民共和國
465,保守派
466,網景公司
467,《全唐詩》
468,1912年
469,1982年
470,七年
471,神聖羅馬帝國
472,沃爾特·布喇頓工作團隊
473,陳奕迅
474,吳三連
475,1917年
476,米勒
477,1月7日
478,掃雷艇部隊
479,海都聯軍被海山和晉王甘麻剌擊潰
480,多黨制
481,民國15年
482,80年代
483,大約在這個時期
484,東晉時期
485,線傳飛控
486,開城工業園區
487,烏孜別克人
488,2555公里
489,第一次國共內戰
490,146年
491,茲維亞德·加姆薩胡爾季阿
492,以避免造成路口交通不暢
493,多用途導彈
494,傅斯年
495,清朝
496,7年
497,雙北合作交流平台
498,與動力系統結合
499,中國政法大學
500,瓜拿納
501,二戰時期
502,鈉鹽
503,江戶時代
504,民國4年12月25日
505,馬麗娜·甘巴
506,1992年
507,軍政
508,貝爾根
509,太白
510,朱標
511,十億韓國
512,低稅賦
513,小選舉區制
514,科索沃
515,「反對資產階級自由化」運動
516,自由放任
517,綠色工業
518,四年
519,段祺瑞
520,喬治麥高文參選，麥高文以他鮮明的反戰立場為號召，主張立即從越南撤軍，並保障所有美國人的最低收入。麥高文試圖對抗尼克森的政策，但卻被他搭檔競選的夥伴湯瑪斯伊格頓
521,溪南的中永和、新店
522,1902年
523,蝸頂
524,香港主權移交
525,2
526,找到最佳射擊時機，提高一般飛行員的命中率
527,1975年
528,氫硫酸
529,在海外進行軍事冒險
530,使編輯長頁面更容易
531,整理遺產
532,同一個生物體中可能同時有雄性及雌性的生殖器官
533,經濟建設
534,《中華民國臨時政府組織大綱》
535,港式酒樓
536,社會政治運動
537,帕吉勒提河
538,「西南美麗的地方
539,「天」的至高無上
540,開羅
541,1932年
542,林紹良
543,1955年
544,多倫多運輸局
545,前一世紀
546,柵欄
547,1910年
548,老虎
549,狄拉克
550,唐太宗
551,健康寫實電影
552,1956年7月
553,老人星
554,中生代
555,伊爾庫茨克國立大學
556,鐵木真
557,23406人
558,1788年經必要數目的州數正式批准通過，但定於1789年3月4日全面實施。眾議院於1789年
559,兩個
560,永康方巖
561,朝鮮日治時期
562,張冠李戴地
563,萬祥
564,總兵官
565,《金驢記》
566,黑龍江省十字加環線
567,漢風魏韻
568,自然科學
569,反文化運動
570,英國
571,唐文宗
572,轟炸機
573,多功能
574,義大利
575,中世紀的漢撒同盟時代
576,聽放線
577,刺史
578,18個
579,至元二十九年
580,保守派
581,南海，東南到達東海中的澎湖列島
582,陶瓷
583,1980年代
584,法國
585,法屬路易斯安那
586,1997年
587,帖裏幹道
588,9年
589,特洛依騎士
590,中華民國初年
591,101公里
592,國務院常務會議
593,20倍
594,喬治亞共和國
595,1943年
596,全面性
597,橫位
598,聯邦憲法
599,韓國
600,氯仿
601,土耳其人
602,瀕危物種
603,越戰
604,公民權
605,冷凍用途
606,極端大陸性氣候
607,臺灣省臺北市
608,1929年
609,法國電信
610,笛卡爾
611,1897年
612,中山盛產海鹽
613,華北財經辦事處
614,市場分析
615,海南站
616,2006年
617,家庭喜劇片
618,同性婚姻
619,婦女
620,反對建文帝削藩
621,建築與規劃學院
622,朱熹
623,自由民主黨
624,傳播色情
625,電穿孔細胞
626,大連
627,第五區
628,活躍軍事單位
629,1982年
630,漢武帝
631,總統
632,《蘇蒙修好條約》
633,巴黎聖母院
634,19世紀末，西方文明開始衝擊朝鮮半島
635,東晉常[UNK]
636,1936年
637,預言
638,非商用
639,五桂山
640,馬鈴薯
641,嘉義市
642,製造業
643,29個
644,民國31年
645,10月23日
646,馬名人傳》
647,固有詞
648,第二次世界大戰
649,5000噸級
650,君士坦丁堡
651,2015年年底
652,古漢語
653,22年
654,阿列克修斯三世的女婿阿列克修斯·杜卡斯
655,阿拉里克
656,喜馬拉雅山脈
657,1937年
658,1964年
659,19世紀
660,油氣開發
661,100公里的高度
662,明孝宗
663,周邊地區
664,雲南省第一行政督察區，1942年改第四行政督察區，1946年改屬第七行政督察區
665,1925年
666,照射紫外線
667,九一八事變
668,春秋
669,對大自然的崇拜
670,馬祖
671,1899年
672,牟定縣
673,尼布楚條約
674,中央窩
675,利奧三世
676,「殖民主義
677,奧德
678,30米
679,2000公厘
680,自主性
681,約翰•布瑞肯里奇
682,赤城鎮政府街1號
683,纖維心包
684,非魚
685,潘普洛納
686,52眼長白山優質天然礦泉
687,1848年
688,《臺灣府志》
689,埃及
690,第265任
691,6比6
692,民國39年
693,北京郵票廠
694,英國與法國的戰爭中支持法國
695,超新星
696,全斗煥
697,2007年
698,勝利鐘
699,文人政府
700,420年
701,軍隊編制問題
702,丁日昌
703,韓國
704,1980年代
705,何韻詩
706,1925年
707,印度河流域文明
708,2009年
709,湘西土家族苗族自治州
710,許貢
711,少
712,文帝
713,李定國
714,22條
715,公共健康與醫學領域
716,《新基本法令》
717,1962年
718,洪武三十一年
719,共產黨
720,奧匈帝國
721,蒙古王國，西伯利亞王國和土爾扈特王國
722,新恆星
723,咖啡因
724,劉裕
725,階梯狀
726,漳州人
727,6個小時
728,1651年
729,憲法
730,呂驥
731,90年代
732,金日成
733,第5
734,愛德華·懷克-史密斯
735,西班牙瓦倫西亞
736,1787年
737,王保保
738,復仇
739,1898年
740,守舊派
741,
742,端敬王后
743,中生代
744,約瑟夫史達林
745,中華人民共和國
746,對複雜性和故意拖延將隔離和種族主義寫入法典
747,計劃生育
748,蘇聯遠東軍
749,全國人民代表大會常務委員會
750,福建社團聯會
751,水委一
752,對第一期作水稻增產10％
753,推行反共政策
754,
755,日本
756,分子雲內部
757,鮮卑部落
758,十字軍將領
759,1918年
760,1939年
761,旅長
762,巴黎條約
763,1970年
764,威斯康辛大學麥迪遜分校
765,乾燥的時候
766,麻赫穆德·喀什噶里
767,帕拉多霍祭壇組雕
768,設兩個分組賽階段的資格賽賽制
769,周貽淦
770,民國16年
771,9世紀
772,三監之亂
773,周恩來
774,馬略一
775,至元十三年
776,磷化氫
777,
778,圖西族
779,聖餐持紀念說
780,非暴力實踐空腹死刑
781,《三國史記
782,哥白尼日心說
783,長沙太守
784,熱遲滯現象
785,1978年
786,上海
787,德國
788,濃硫酸
789,畢達哥拉斯主義
790,兄弟國的盟約」
791,2011年
792,硫
793,1979年
794,義大利
795,佛教
796,卡拉恰伊湖
797,宋理宗
798,阿拉里克
799,臺北
800,共和黨
801,百濟
802,二戰的爆發
803,1976年
804,上海
805,1949年
806,麻省理工學院
807,階級社會
808,1920年代
809,部隊局
810,1449年
811,1986年
812,隆武帝
813,第一次世界大戰
814,孫叔敖
815,托爾金
816,雙汗制
817,78歲
818,[UNK]黨
819,中華全國體育協進會
820,自轉
821,人文關懷
822,1972年
823,《產假和保護婦女兒童權利法》
824,因為軍閥混戰
825,中國共產黨解放軍
826,韓國
827,人民頻繁的遷移
828,四世紀
829,對境外落地的信號實施地面頻道干擾
830,以保證共和派控制國民議會
831,匈牙利
832,1979年
833,突厥汗國
834,蘇區
835,臺北縣改制新北市
836,太陽
837,1940年
838,妖怪學
839,1987年
840,社福機構
841,汾河
842,關漢卿
843,湯玉麟
844,陳平順
845,波霎
846,羅貝爾
847,整個站體都位於天橋上的車站
848,1955年
849,阻止蒙古入聯合國
850,金石並用時代
851,天皇
852,朝鮮白頭山
853,德國人
854,2013年
855,羅馬帝國
856,分子雲
857,路加是希臘人
858,擔心引起教會勢力的強烈反彈
859,1987年
860,韓國
861,王孝通
862,哈比亞利馬納
863,法文老師
864,玻里尼西亞
865,廉興
866,基因特質
867,印地語
868,貝日尼
869,乾隆帝
870,長高約八公分
871,過渡期
872,民國43年
873,地質類學科專業
874,副校長
875,瓜拿納因子
876,君士坦提烏斯
877,2000年6月
878,一日生活圈
879,美西戰爭
880,尊漢思想
881,蒂羅爾
882,
883,供應服務過多
884,1910年革命
885,鎬京
886,士人
887,杜慧度
888,憲政改革
889,英國
890,斯塔福德郡
891,義熙十四年
892,周恩來
893,2000年
894,初中
895,代表著一切非理性力量的總合
896,東德使館
897,冷戰時期
898,1985年
899,恆星殘骸
900,顯微注射
901,馬可波羅
902,新羅馬
903,上海鐵路局
904,離岸人民幣
905,為了確保比利時的中立
906,德語聖經
907,使用精子庫
908,大質量
909,加拿大軍隊基地
910,120天
911,1950年代
912,第四次十字軍東征
913,性犯罪
914,復興式
915,淮安
916,1590年
917,1985到1989年
918,維斯特施塔德地區
919,柏林國際廣播電台
920,本超星系團
921,春秋時期
922,使郵驛通信十分有效地發揮效能
923,媒體維基
924,人文
925,1948年
926,67個
927,10月13日
928,1884年
929,
930,大慶油田
931,私立大學
932,三座
933,早期韓國華僑的聚集所在
934,李雄
935,許榮茂
936,汪大淵
937,漢字詞
938,[UNK]稻
939,宋真宗
940,120%，同年齡段女性的自殺率只有33
941,美國聯邦調查局
942,9月
943,因為19世紀歐洲東方學家和錢幣學家發現該汗朝的許多大汗多帶有喀喇的稱號
944,唐德剛
945,路易十四
946,韓國
947,0.07
948,閩南人
949,民國28年
950,李煥之
951,公共汽車
952,核質
953,鴨巴甸
954,東正教
955,八角鼓
956,迦太基式的和平
957,文化大革命
958,1642年
959,徐載弼
960,蒙哥
961,匈奴人
962,芝加哥大學
963,造船業
964,減緩國防工業的投資
965,紐格威森林
966,2012年
967,拿破崙
968,戴克里先
969,166年
970,
971,市場經濟
972,1961年
973,亞歷山大六世
974,1789年
975,悼念周恩來集會
976,70年代初
977,1958年底
978,一些國家採胡漢分治的制度
979,涵元殿
980,杜甫
981,漢文
982,12次
983,科學社會學
984,1138公頃
985,《中華人民共和國村民委員會組織法》
986,荷蘭
987,聯合國
988,打破香港華語片票房紀錄
989,內陸地區
990,
991,白[UNK]紀滅絕事件
992,模特
993,上帝創造萬物
994,1258年
995,元朝
996,1929年
997,1972年
998,新式鐵製蒸汽船
999,文森特
1000,
1001,詹姆士·麥迪遜
1002,1946年
1003,蘇聯紅軍
1004,外匯帳戶
1005,1991年
1006,印第安納大學
1007,太陽
1008,修道主義
1009,1999年
1010,亞歷山大漢密爾頓
1011,中國
1012,1960年
1013,國務委員會委員長
1014,紐約尼克
1015,蓋戳形式
1016,東校區
1017,100萬到1兆倍
1018,第二代
1019,匈奴
1020,9月6日
1021,貴族等級制度相關記載及歷史遺留。如歷史上日本的皇室、公家分謂；朝鮮的兩班制度；中國的世爵制度
1022,工程化核酸酶
1023,伊薩克二世
1024,統帥
1025,外部刺激
1026,麥克阿瑟
1027,臺灣本身財政負擔的問題
1028,武漢行營副主任
1029,為了躲避戰亂
1030,朝鮮半島
1031,39%
1032,狄拉克
1033,與其虎視眈眈的鄰邊諸國保持良好的關係
1034,1823年
1035,輔音
1036,三人團
1037,舊石器時代中期
1038,166年
1039,荀子
1040,集團軍
1041,半日制學堂
1042,遇到尷尬事件
1043,愷撒
1044,韓語
1045,倫敦霍洛威
1046,基督教
1047,烏爾蘇拉
1048,1964年
1049,岡瓦那大陸
1050,維持現狀
1051,挪威
1052,南北戰爭
1053,軍事介入失敗
1054,川鎮
1055,英國人
1056,李紳
1057,在道路無需軌道行駛上的電車
1058,帝位世襲
1059,1060公釐
1060,1939年
1061,唐史學家
1062,荊州劉表
1063,慶元
1064,北平綏靖公署主任張學良轉任軍事委員會北平分會副委員長
1065,大陸法系
1066,石油危機
1067,唐朝
1068,奧斯陸峽灣
1069,1920年
1070,硫代硫酸氨
1071,按形聲方式，結合二個漢字來造成一個新字
1072,89萬
1073,1912年
1074,1627年
1075,區域性污染
1076,阿內加達島
1077,唐生智
1078,夏季
1079,臺灣新北地方法院
1080,馬克西米安
1081,6世紀
1082,24所
1083,甘肅省
1084,決勝局
1085,1所
1086,義大利耶穌會
1087,一個
1088,破四舊
1089,三次
1090,為了獲得大寧地區的駐牧權
1091,俗語
1092,郭松齡
1093,爆炸性
1094,雲南省第二殖邊督辦公署
1095,清朝
1096,1968年
1097,多用途導彈
1098,1932年
1099,吉田定房
1100,世稱恭順
1101,氣候分類系統
1102,抗日戰爭
1103,財產資格限制
1104,南越國
1105,合法
1106,博尼法斯二世
1107,海旁東
1108,帕塔普斯科河
1109,1945年
1110,義熙十一年
1111,戰時研發商
1112,芬蘭的赫爾辛基
1113,《男人四十》
1114,羅馬帝國
1115,1846年
1116,日俄戰爭
1117,菡子
1118,道德蒙昧主義
1119,
1120,阿拉伯半島
1121,亞歷山大一世
1122,加州尤巴城
1123,君主
1124,天下人
1125,日本
1126,尼古拉斯·尼葛洛龐帝
1127,朱序
1128,石油危機
1129,教育產業化
1130,1992年
1131,康拉德·阿登納
1132,山東半島
1133,聖奧古斯丁
1134,大約公元185年
1135,民委員會
1136,大正天皇
1137,館的總館
1138,北齊
1139,織田信長
1140,內戰
1141,中華人民共和國衛生部
1142,啟示上帝真名的古魯話語
1143,斯拉夫人
1144,第4
1145,聯邦制
1146,1807年
1147,英國
1148,巴西
1149,七月初四
1150,德國
1151,76間
1152,民國36年
1153,50元
1154,
1155,2次
1156,拋秧
1157,七個
1158,周恩來
1159,卡加梅
1160,93位
1161,悉曇體
1162,5月17日
1163,財務報表
1164,武力
1165,海軍中尉
1166,德川家康
1167,空射火箭
1168,1836年
1169,農業省敘利亞
1170,城市計
1171,德里克·羅勃茲
1172,伊斯蘭教
1173,以和平方式抱住大樹來阻止森林砍伐
1174,哥廷根亨德爾國際音樂節
1175,滬昆高速公路
1176,夜裡10點至翌日凌晨6點間
1177,法國
1178,歐幾里得
1179,道本頓
1180,通州張家灣
1181,製導
1182,《血盟救國軍軍歌》
1183,廣州
1184,聽診器
1185,為當時膝下無兒的拿破崙生下一個繼承人
1186,唯泰主義
1187,國際水稻基因定序工程
1188,《海峽兩岸服務貿易協議
1189,中路軍
1190,自由主義
1191,1874年
1192,纖維同步發放
1193,卡斯特拉
1194,李克強
1195,河東道
1196,你想了解其他的國家以及那裡的風土人情變得十分容易
1197,希波丹姆
1198,自然環境
1199,日本
1200,成為抗日民族統一戰線的具體組織形式
1201,63個
1202,46公里
1203,十六世紀
1204,帕多瓦大學
1205,八千多年
1206,吉隆坡
1207,1889年
1208,主要作為軍事防衛
1209,12個決策局，新增決策局為發展局
1210,受到陽光持續的照射也會使凍結的二氧化硫昇華
1211,北京電視台
1212,中華民國
1213,十月革命
1214,英國
1215,美國大學協會
1216,公共教育經費
1217,日本關東軍
1218,開京
1219,美國大蕭條時期
1220,以平抑物價
1221,拉丁人
1222,各種的組織
1223,蔣介石
1224,全印穆斯林聯盟
1225,後受通古斯人壓力
1226,喇嘛教
1227,鎌倉時代
1228,氣泡狀範圍
1229,建設中國特色社會主義
1230,劉裕
1231,東正教
1232,領主
1233,佛教
1234,自三代
1235,東正教
1236,高雄市
1237,鄧小平
1238,南斯拉夫
1239,武陵
1240,殺蟲
1241,法國大革命
1242,自由韓國黨
1243,否決權
1244,二十世紀
1245,積極進攻
1246,加拿大
1247,
1248,義大利汽車之都
1249,火箭發動機
1250,機械門控通道
1251,在軌道上驅動列車
1252,聖喬治拉丁文學校
1253,23年
1254,1948年12月1日
1255,仁宗系
1256,私兵制度
1257,魏博拉盧比民達行業工會
1258,文章奧府
1259,繁衍後代所需基因物質產生的方式
1260,非洲
1261,瓊州海峽
1262,尤里西斯•格蘭特
1263,普林斯頓大學
1264,83年
1265,釣魚台國賓館
1266,伊達政宗
1267,因為量子物理學的進展
1268,民國3年
1269,金融廳
1270,潘章
1271,班傑明·富蘭克林
1272,高雄
1273,第二代
1274,日美神奈川條約
1275,北京
1276,晶體
1277,哈利里德
1278,低可偵測性
1279,柏拉圖
1280,波蘭人
1281,六四事件
1282,英祖四年
1283,改良式腳踏車
1284,《臺灣怪談》
1285,二人
1286,1830年
1287,已開發國家
1288,八月
1289,行為主義元素
1290,廣州話
1291,張伯倫
1292,粳稻
1293,挪威
1294,1800
1295,中國郵政集團公司
1296,承諾給予興、泉、漳、潮四郡為封地
1297,「我們是一個民族！」
1298,安納托利亞人
1299,福島縣會津地區
1300,1913年
1301,土地銷售
1302,拉曼人
1303,史蒂夫·鮑爾默
1304,天花病
1305,牡丹峰樂團
1306,印度
1307,3座
1308,周敦頤
1309,下薩克森邦
1310,朱利烏斯·凱撒
1311,豫
1312,1919年4月13日
1313,1133515人
1314,國語字
1315,南部排灣族
1316,洛克菲勒紀念教堂
1317,普選制度
1318,高宗
1319,2015年
1320,1969年
1321,左派黨
1322,收割機
1323,內容差異大
1324,488年
1325,病態賭徒
1326,人民代表大會
1327,外太空
1328,黃庭堅的曾祖父黃中理
1329,治自決
1330,西班牙
1331,1905年
1332,印尼
1333,鐵
1334,普羅斯佩·梅里美、維歐勒·勒·杜克在拿破崙
1335,廣東省
1336,聖母大學
1337,羅馬法
1338,應用心理學家
1339,希臘
1340,拉丁字母
1341,《中俄密約》
1342,詹姆斯·史都華
1343,聯邦
1344,24英吋克拉克望遠鏡
1345,生物質
1346,新聞部
1347,就地掩埋
1348,66種
1349,類比訊號
1350,回族
1351,視錐細胞
1352,人口眾多
1353,威廉二世
1354,遵義會議
1355,《我於青春無悔》
1356,君士坦丁大帝
1357,美國國家草地網球聯盟
1358,8月26日
1359,希臘
1360,鐵鉉
1361,外交手段
1362,1887年
1363,2008年
1364,畢達哥拉斯
1365,2010年
1366,1918年
1367,對刺激的回應
1368,魯宗之
1369,荷蘭人與西班牙人在東亞展開競爭，荷蘭東印度公司對日本幕府散播西班牙企圖顛覆德川幕府陰謀
1370,《朝鮮王朝實錄》
1371,2012年
1372,生物動力學
1373,印度洋暖濕氣流
1374,太白山脈
1375,中國外長孫寶琦
1376,油門
1377,民國十八年至二十六年間，南京進行了大規模的首都建設，奠定了南京現代城市發展的良好基礎。民國十八年
1378,太白山脈
1379,一萬兌一比率
1380,25個
1381,東北停戰協定
1382,1996年
1383,1985年
1384,4世紀
1385,表示自己不受中央的指揮管轄
1386,公元前三世紀
1387,九龍灣
1388,1980年代
1389,1997年
1390,《每日電訊報》
1391,折下吉延
1392,越南
1393,1914年
1394,為會議提供傳譯服務
1395,2300多種
1396,對能源的需求持續增長
1397,女性
1398,40倍
1399,1956年
1400,白色
1401,1856年
1402,忽必烈
1403,「反革命事件
1404,王光美
1405,理察·科伯恩·麥克勞林
1406,西德
1407,1624年
1408,15%
1409,江青
1410,奈及利亞
1411,亞洲
1412,2000年
1413,重力作用
1414,桑
1415,
1416,2013年2月11日
1417,1973年
1418,爭取民族權利
1419,明治大學
1420,科學家
1421,10萬人
1422,惠宗
1423,抗佝[UNK]病維他命
1424,馬來-玻里尼西亞語族
1425,57%
1426,預算限制
1427,意識型態
1428,城市
1429,元代
1430,43人
1431,限制性消化
1432,
1433,女性
1434,兩層
1435,麻赫穆德·喀什噶里
1436,中國共產黨
1437,《鋼鐵是怎樣煉成的》
1438,2005年9月
1439,最高榮譽大獎
1440,摩門教
1441,1986年
1442,《西部開拓史》
1443,遠古百越族
1444,省級公園
1445,米高彭博
1446,伊斯蘭教
1447,徐樹錚
1448,明太祖
1449,作為歷史博物館
1450,阿內加達島
1451,低可偵測性又被稱為匿蹤或隱身，這項技術是為了降低飛機被偵測到的機率、距離和避免被持續追蹤的可能。自從雷達於二次世界大戰初期開始運用於對空警戒以來，相關研究
1452,外國不可能介入內戰
1453,南朝鮮
1454,古代查莫洛社會
1455,財政資助低收入階層
1456,德日印巴
1457,大學
1458,九龍灣
1459,
1460,佛教
1461,陳朝
1462,46
1463,有色人種
1464,
1465,漢諾威
1466,中央電視台高清綜合頻道
1467,夷陵之戰
1468,《蘇蒙修好條約》
1469,主體史學
1470,心室底壁組織
1471,1662年
1472,1884年
1473,第二產業
1474,德國
1475,約翰遜
1476,[UNK]總能量
1477,喪失了政權
1478,張議潮
1479,新幾內亞
1480,正德十一年
1481,使者僅至澎湖而返
1482,法國
1483,喜馬拉雅山
1484,孟加拉
1485,沙俄軍隊
1486,200萬立方公尺
1487,黑龍江
1488,1992年
1489,北角
1490,
1491,蔣中正
1492,大和國
1493,佛教
1494,人而對聲音頻率的分析
1495,無性生殖
1496,生命科學
1497,兩國爆發戰爭
1498,巴塞隆納奧運
1499,鬍鬚狀
1500,阿拉巴馬州
1501,鋤草祭
1502,[UNK]-15戰鬥機
1503,600年
1504,為迎接2010年上海世界博覽會的召開
1505,1980年
1506,1958年
1507,俄羅斯聯邦軍隊
1508,南方墨點法
1509,路易斯一世
1510,《時代》雜誌
1511,極權主義
1512,凡爾賽條約
1513,路易·勒沃
1514,布列塔尼半島美國石油公司
1515,後燃器
1516,曼諾球場
1517,東吳
1518,英格蘭愛德華一世
1519,自體授粉
1520,1929年
1521,想取快錢
1522,獻縣張莊
1523,蓋茲
1524,忽必烈
1525,福建人
1526,南斯拉夫內戰
1527,《塘沽協定》
1528,烏蘭烏德
1529,1897年
1530,巴拉克·歐巴馬
1531,2003年3月4日
1532,降低成本
1533,原局長改稱常任秘書長，維持公務員擢升的原則
1534,杭州[UNK]橋機場
1535,匈人
1536,不願送死
1537,總督
1538,興王
1539,衛奕信
1540,非歐幾里得幾何
1541,2012年
1542,十景
1543,忽必烈
1544,茶峒鎮
1545,本身沒有磁場
1546,惠金斯原理
1547,黑龍江
1548,波士頓理工
1549,兩年
1550,2010年
1551,為了便於管理漢地
1552,喬托號
1553,無以得知
1554,烏里雅蘇臺將軍
1555,西門主義
1556,日治時期
1557,蔡[UNK]
1558,中國
1559,《刑部大理寺狀》
1560,澳大利亞新南威爾斯州
1561,太陽運動
1562,聖方濟·沙勿略
1563,羅馬共和國時期
1564,外觀
1565,韓國
1566,藍屋
1567,薩伊
1568,85天
1569,五個
1570,張三祿
1571,15世紀
1572,《風雲人物》
1573,劉琮
1574,高血壓
1575,北燕
1576,《中華人民共和國全民所有制工業企業法
1577,試圖平衡人類和各種自然系統的關係，能夠讓各個成分取得合適的可持續性發展地位
1578,城市物質形態
1579,環境保護主義
1580,773年
1581,懷柔區
1582,七間
1583,民間反應不佳
1584,光緒十年
1585,1970年代
1586,希臘語
1587,西班牙
1588,神經源性
1589,加拿大
1590,七個
1591,安定
1592,列支敦斯登
1593,乾旱
1594,七卷
1595,台北都會區
1596,甲午戰爭
1597,政府採取反共措施
1598,1897年
1599,[UNK]
1600,1935年
1601,四角號碼檢字法
1602,8.6%
1603,浙江海商
1604,巴西
1605,歐洲聯盟委員會
1606,增加西側的空曠程度
1607,德國
1608,蘇聯
1609,七年戰爭
1610,100米
1611,咖啡因中毒
1612,國民政府
1613,漢江
1614,青光眼
1615,狄托主義
1616,財務部
1617,1984年
1618,射擊斷續器
1619,5位
1620,工業發酵
1621,1945年
1622,金代
1623,米高梅
1624,1988年
1625,「撫順」號
1626,英國
1627,耶穌會
1628,一戰前夕
1629,鐵鉉
1630,張伯倫
1631,《義勇軍進行曲》
1632,棉花
1633,卡洛·埃馬努埃萊一世
1634,賀知章
1635,犯人流放之地
1636,先來後到的土地分配衝突
1637,主序前星
1638,貝加爾湖
1639,厄德
1640,古希臘文化
1641,當時儒教興盛
1642,「危坐二堂，絕無懼色」
1643,克里斯蒂安尼亞
1644,無限制潛艇戰
1645,哈大客運專線
1646,亞熱帶常綠闊葉林
1647,1947年
1648,小德意志統一
1649,博尼法斯二世
1650,約翰·莫根
1651,耐腐蝕性
1652,1835年
1653,咖啡因
1654,「革命外交
1655,1972年
1656,宿衛軍
1657,汪精衛
1658,體育部
1659,單斜棱晶體
1660,直系
1661,水牛城勇士
1662,孫中山
1663,七月初六
1664,賽丁泉天文台
1665,殖民政策
1666,[UNK]染色體
1667,聯合國安全理事會
1668,16世紀
1669,大陸性氣候帶
1670,配子
1671,騎士團
1672,孟郊
1673,佩德納萊斯河，德克薩斯州石牆郡
1674,皖系軍閥
1675,清廣東水師提督
1676,1965年
1677,1967年
1678,奧古斯都
1679,哲布尊丹巴
1680,孟懷玉
1681,將原「布政司署」改稱為「政府總部」
1682,1861年2月9日
1683,3月19日
1684,漢字
1685,安托萬·拉瓦錫
1686,伊斯蘭教
1687,平衡的力
1688,周文公
1689,眾議院
1690,重要的財源
1691,盧安達法郎
1692,皖浙贛獨立團
1693,德川家康
1694,經濟蕭條
1695,世族
1696,1853年
1697,銅鑼灣至太古一帶
1698,民國34年
1699,1270年
1700,動力系統
1701,三個
1702,中山市
1703,西伯利亞
1704,[UNK]氏
1705,江河級驅逐艦
1706,2015年
1707,21473平方公里
1708,數學主任
1709,颶風
1710,世界氣象組織
1711,衣服布料
1712,海河流域
1713,蒙哥
1714,700家
1715,中國溧陽茶葉節
1716,全市綠化比例高
1717,收到十二道金牌班師回朝
1718,澳大利亞
1719,大汗
1720,民國三十七年1月21日至23日則舉行第一屆中華民國立法委員選舉；同年3月29日
1721,7980年
1722,1962年
1723,青島海軍基地
1724,姑臧
1725,售票處
1726,張作霖
1727,波蘭進入戰時狀態
1728,西柏林遊客
1729,感光細胞
1730,黎元洪
1731,于鳳至
1732,中華民國台灣
1733,第二次世界大戰
1734,1961年
1735,白光
1736,蔣中正
1737,1966年
1738,奈特·麥克米蘭
1739,無佛像時代
1740,1977年
1741,白色
1742,自由聯合關係
1743,三次
1744,英國
1745,實行救助管理辦法
1746,《劃一現行各道地方行政官廳組織令》
1747,高朱蒙
1748,1948年
1749,蒸汽膨脹
1750,隋[UNK]帝
1751,石碇區石碇里
1752,日本
1753,美國心臟學會
1754,大英帝國
1755,《八篇書》
1756,德國
1757,阿爾薩斯-洛林
1758,路易十四
1759,合作派
1760,治療心理疾病
1761,工業革命
1762,1個
1763,1990年代
1764,波斯民間傳說中與伊蘭人世代爭鬥的圖蘭人英雄阿弗剌昔牙卜
1765,24%
1766,高麗國
1767,後現代主義
1768,1828年
1769,第二名
1770,委員會
1771,西安招待所
1772,1349年
1773,湯瑪斯傑佛遜
1774,民間盛行安太歲習俗，不少民眾在新春期間
1775,郵值標籤
1776,席哈克略皇帝
1777,1989年
1778,公元前240年
1779,農耕節
1780,俄國革命
1781,為了制衡德軍
1782,石勒
1783,八士兵
1784,敵我矛盾
1785,獨立性
1786,西塞羅句法
1787,一百億年
1788,湖熟
1789,英國
1790,木衛一
1791,愛滋病毒
1792,1993年
1793,外蒙古
1794,張聞天
1795,後現代
1796,法家
1797,五個
1798,通古斯地區過於偏遠
1799,安大略湖
1800,羊肉
1801,朝鮮王朝
1802,劉駿
1803,將部分河水導入恆河運河
1804,浮動匯率制度
1805,美國
1806,
1807,
1808,十六歲
1809,法國
1810,1928年
1811,5個
1812,[UNK]
1813,曼哈頓
1814,豐年間
1815,君士坦提烏斯
1816,外省人
1817,彌生人
1818,甲醇
1819,太祖王
1820,因為牛隻列印問題
1821,英國
1822,合作派
1823,中華人民共和國
1824,1590年
1825,1941年
1826,細胞核
1827,放氣減壓
1828,發生十月革命
1829,俄羅斯
1830,為了維護毛的權威
1831,幅員遼闊
1832,1943年
1833,大多倫多地區
1834,文化
1835,鐵核
1836,儒勒·凡爾納
1837,純的硫是黃色的晶體
1838,資產負債表
1839,德川家康
1840,日本
1841,5000000
1842,位居台灣北部
1843,朝鮮
1844,1789年
1845,漢諾瓦國立劇院
1846,泰勒斯
1847,32.8%
1848,自萊茵河發動入侵
1849,鮑羅廷
1850,杜林
1851,金合歡
1852,13倍
1853,黃埔軍校
1854,《紅樓夢》
1855,一百多年
1856,1920年現代主義嶄露頭角之後
1857,雲南
1858,20世紀初
1859,電子郵票
1860,儒字
1861,十字軍洗劫君士坦丁堡
1862,剛果民主共和國
1863,俄國
1864,成熟階段
1865,努力把這些心找回來
1866,吠陀梵語
1867,1950年代
1868,羅伯特·波義耳
1869,湯·韋迪加
1870,托木斯克州
1871,提奧多雷
1872,載人太空飛行
1873,706萬
1874,一夫一妻多妾制婚姻
1875,伊莉莎白
1876,義大利
1877,2000年
1878,1932年
1879,《冬季戀歌》
1880,路易-菲利普
1881,阿布巴卡爾
1882,台北曲藝團
1883,《古魯·格蘭特·薩希卜》
1884,1865年
1885,翟中和
1886,1924年
1887,中央印製廠
1888,9
1889,楊宇霆
1890,法國
1891,吉米·史都華
1892,周恩來
1893,不接受
1894,光化學煙霧
1895,民主進步黨
1896,在巴黎聖母院召開了由教職人員、世俗貴族和富裕市民代表參加的國務會議
1897,洛厄爾天文台
1898,輪椅網球比賽
1899,三名
1900,中日甲午戰爭
1901,金門
1902,韓國高速鐵道
1903,《隋唐帝國與古代朝鮮》
1904,2006年
1905,中華民國實業部
1906,1973年
1907,多倫多
1908,大學生的城市
1909,約翰·洛克菲勒
1910,二戰後
1911,1807年拿破崙的軍隊解放了華沙，華沙成為了新建立的華沙公國的首都。1815年
1912,埃德溫·哈勃
1913,胡季[UNK]
1914,孟德爾定律
1915,
1916,2005年
1917,東西伯利亞喇嘛教則例
1918,莫斯科
1919,五分之一
1920,《英語通用校勘詞典》。1860年伍斯特出版了《英語詞典》
1921,網易
1922,克倫威爾路
1923,《渡假留香》
1924,日本
1925,美國硫酸是所有生產得最多的化合物
1926,俾斯麥
1927,水門事件
1928,斯364線
1929,閻錫山
1930,1997年
1931,托爾金
1932,龍興之地
1933,中國政府因開放市場的需要
1934,阿伊努人
1935,1919年
1936,五倍
1937,原子能發電站
1938,艾森豪
1939,25個
1940,雙反
1941,帕西瓦爾·洛厄爾
1942,二二八事件
1943,紅色
1944,澎湖
1945,亞硫酸
1946,理學
1947,1998年
1948,民國時期
1949,毛澤東
1950,1950年
1951,因為高輻射的環境
1952,維基媒體
1953,二氧化碳
1954,1939年
1955,清朝末年
1956,城堡
1957,哲學原理研究
1958,1997年
1959,第六次全國人口普查，全市常住人口
1960,北大西洋
1961,1455年
1962,鄧穎超
1963,代表宇宙秩序
1964,傳統音樂
1965,為了提防燕王謀反
1966,列支敦斯登
1967,阿爾巴尼亞
1968,恢復市場的功能，以邁向生產力理論
1969,北非
1970,中華民國政府
1971,2006年
1972,淋巴液
1973,償命
1974,1901年
1975,十八歲
1976,近年
1977,端午節
1978,阿布海兒汗時代
1979,燃燒室
1980,1312年
1981,1970年
1982,30℃
1983,以色列
1984,
1985,兩個
1986,抗戰
1987,1989年
1988,元武宗
1989,天文學家
1990,毛澤東
1991,美國
1992,
1993,2014年12月
1994,中部科學園區
1995,台北市立體育場
1996,曹議金
1997,冷戰期間
1998,1928年
1999,收容遣送制度
2000,中國國民黨
2001,《一種美味》
2002,狄拉克
2003,金黃飽滿
2004,移民實邊
2005,水軍
2006,中國青年黨
2007,矽燃燒過程
2008,劉少奇
2009,瑞士洛桑國際管理學院
2010,即捕即解實施前
2011,著陸
2012,顛覆中共政府的政治目的
2013,丹尼爾奧爾特加
2014,幾何學
2015,1998年1月1日
2016,《風之國度》
2017,拜占庭政府中的蠻族事務局
2018,噶爾丹入侵喀爾喀時喀爾喀人
2019,首席的元老
2020,九世紀
2021,阿普列尤斯
2022,猶太人
2023,總能量
2024,同意
2025,省務會議
2026,1610年1月7日
2027,荷蘭
2028,喬治亞
2029,1835年
2030,六四天安門事件
2031,類比訊號
2032,「通俗的」
2033,每秒30轉
2034,在伯利恆修道院，哭泣
2035,1955年
2036,1987年
2037,洪堡
2038,1847年
2039,唐玄宗
2040,1968年
2041,不動產
2042,其英文縮寫首字母為「[UNK]·ㄎㄟ·ㄨㄞ」
2043,林肯總統
2044,養殖漢諾瓦馬、歐登堡馬和其他血統的馬是不少下薩克森邦人的業餘愛好和職業。下薩克森邦風景怡人
2045,元末民變
2046,濕熱指數
2047,上尉特別官佐
2048,1599年
2049,3個
2050,香港國際機場
2051,暴力革命
2052,段祺瑞
2053,普魯士
2054,高句麗
2055,軍事
2056,溧陽
2057,學權部
2058,富蘭克林·德拉諾·羅斯福
2059,科什圖尼察
2060,1600個
2061,美國憲法第十九修正案
2062,500毫升
2063,古代
2064,民國二年
2065,蒙古人
2066,正德十一年
2067,閏盤
2068,愛爾蘭共和國
2069,[UNK]國際
2070,毛澤東
2071,蒙哥汗在合州的釣魚城之戰戰死
2072,瀧川
2073,莫高窟
2074,電穿孔細胞
2075,計劃偷渡入境
2076,2次
2077,1924年
2078,梁啟超
2079,期貨
2080,宮田製銃所
2081,經濟問題
2082,1米93
2083,
2084,主流傳媒
2085,縱貫鐵路山線段
2086,《1956年清潔空氣法》
2087,艾薩克·牛頓
2088,大陸新移民
2089,柏拉圖
2090,教法
2091,消耗戰
2092,亨利四世
2093,阿爾卑斯山
2094,上尉特別官佐
2095,1957年
2096,何鳳山
2097,一億光年
2098,1995年
2099,紅矮星
2100,日語
2101,阿爾法級別
2102,19世紀
2103,草本
2104,涵元殿
2105,奧斯卡·赫特維希
2106,1971年
2107,英國
2108,馮國璋
2109,增強孩子免疫
2110,民國18年
2111,年降雨量
2112,1913年
2113,法國東部
2114,灣仔
2115,拉丁語
2116,索馬利亞
2117,婆羅摩笈多
2118,貝聿銘
2119,世界的中心
2120,第53
2121,工業革命
2122,耶穌會
2123,一次世界大戰時期
2124,大量安眠藥
2125,史坦波中心
2126,《科學怪人》
2127,詹姆士·波爾克·詹森
2128,[UNK]-16
2129,泰國，在餐館用餐必須附加消費稅，在日本
2130,麥健時報告書》
2131,江蘇
2132,朱齡石
2133,中共中央副主席
2134,坦克
2135,細胞膜
2136,普洱專區
2137,僱傭安定
2138,新港
2139,指國君身邊的齊泰和黃子澄為奸臣，需要鏟除
2140,1529年
2141,佐世保重工業
2142,申城
2143,德川家
2144,河川
2145,岩石圈
2146,香港日治時期
2147,聯邦儲備系統
2148,1925年
2149,由新界鄉村的代表組成
2150,德國
2151,亞熱帶
2152,1975年
2153,日本
2154,反共思想
2155,韓國
2156,俄羅斯車里雅賓斯克
2157,王藍
2158,胡錦濤
2159,東晉元帝
2160,最低層
2161,儒字
2162,絲綢之路
2163,5642米
2164,殺蟲劑中毒
2165,寮國
2166,產業工會聯合會
2167,京杭大運河
2168,薩繆爾
2169,南奧塞提亞自治區
2170,浮動匯率制度
2171,農業
2172,秋天
2173,將兩國國界以黑龍江為基本界限劃清
2174,永興」
2175,雲南省
2176,德國
2177,土地改革
2178,陽邁二世
2179,艾瑪·史東
2180,「下薩克森邦臨時憲法」生效
2181,聯邦在內戰中取勝
2182,玉泉北路
2183,1789年
2184,280天
2185,旅遊業
2186,德謨克利特
2187,國家地質總局
2188,2007年
2189,國家歷史文化名城
2190,維基媒體基金會
2191,一省
2192,道里根加河
2193,由高昂的嫁妝
2194,小學
2195,最佳演唱團體獎
2196,姬侍
2197,防火能力
2198,現代精神醫學
2199,機炮
2200,松前公廣
2201,德國柏林影展
2202,接合
2203,第四心音
2204,李白
2205,世襲制度
2206,韓國海關
2207,英屬印度
2208,2009年
2209,牛胃氣膨脹
2210,白河
2211,吠陀梵語
2212,為了要正確地表示宇宙真實名相的真情實意
2213,女性模特兒
2214,印第安納大學俱樂部
2215,低可偵測性
2216,1950年代
2217,王田交流道
2218,高科技產業
2219,東芝
2220,新北市
2221,川本芳昭
2222,伊斯蘭教
2223,一年
2224,商業貿易
2225,支持
2226,2002年
2227,620年
2228,民國2年2月25日
2229,第一公民
2230,現代主義
2231,天主教
2232,美利堅聯盟國
2233,亞歷山大·塞維魯
2234,1949年
2235,1858年
2236,數學科幻
2237,心室底壁組織
2238,菲律賓
2239,湯瑪斯·勃蘭契特·瑞德
2240,周恩來
2241,超音速
2242,[UNK]-47
2243,日本
2244,民國37年
2245,模擬別人的言行
2246,1897年
2247,李察·賓特利
2248,印尼
2249,熙四十八年
2250,荊州
2251,摩利爾法學院
2252,28個
2253,克里米亞戰爭
2254,重慶機
2255,北京
2256,1945年
2257,倭寇
2258,
2259,1972年
2260,2013年
2261,史達林
2262,佳木斯
2263,1918年
2264,年輕恆星
2265,非金屬類材料
2266,阿拉貢王國
2267,聯合國人權委員會
2268,庫里爾台大會
2269,氫
2270,頭
2271,費城學院和研究院
2272,二氧化碳
2273,人均糧食
2274,勒布夫
2275,[UNK]染色體
2276,後代
2277,山地氣候
2278,王白駒
2279,劉備
2280,第三心音
2281,咸康七年
2282,全金屬
2283,道格拉斯
2284,稻
2285,東羅馬帝國
2286,兩個
2287,民國25年
2288,松花江
2289,洛特
2290,宋理宗趙昀，原名趙與莒，1222年被立為寧宗弟沂王嗣子，賜名貴誠，1224年立為寧宗皇子，賜名昀，是宋朝的第十四位皇帝，在位40年，享年59歲。宋理宗
2291,喬托號
2292,2008年
2293,南北韓高級別會談機制
2294,紅水河
2295,彌生人在遺傳因子上的影響仍舊較大，但繩文人
2296,斯芬·佩斯
2297,2001年
2298,大道東
2299,27千兆瓦
2300,副熱帶濕潤氣候
2301,1200萬名
2302,
2303,2008年
2304,29.48萬人
2305,1982年
2306,鞏高峰
2307,杜篤瑪
2308,12個
2309,西伯利亞
2310,櫻花大道
2311,焦爾達諾·布魯諾
2312,國際網球協會
2313,大略
2314,修飾手法
2315,官僚主義者階級
2316,刺史
2317,心臟
2318,1180年
2319,三歲
2320,失眠
2321,雷焦卡拉布里亞國家考古博物館
2322,阿克爾自治市
2323,香港人
2324,都市計劃
2325,義大利
2326,布爾人
2327,胎兒
2328,校園一卡通
2329,第18
2330,海澄公
2331,大氣層
2332,外國人
2333,唐生智
2334,金銀珠寶
2335,10世紀
2336,1939年
2337,用於在郵件被寄出前，證明寄郵人已支付全部或部分傳遞費用
2338,噪聲
2339,更為可貴
2340,白河
2341,蘇聯海軍
2342,音樂
2343,《四十二章經》
2344,阿爾杜伊尼卡家族
2345,工業發展
2346,海因利希・弗格勒
2347,第五套
2348,景洪市
2349,
2350,為爭取陽光
2351,《失落的故事集》
2352,1918年
2353,1950米
2354,原始宗教
2355,第1區
2356,風俗物產圖
2357,杭州
2358,機鼻
2359,1999年
2360,馮特
2361,彰化市民代表會
2362,法國大革命時期
2363,明朝
2364,2012年
2365,朱德
2366,長樂鶴上人
2367,漢武帝時期
2368,1963年
2369,東經
2370,西排立
2371,助詞
2372,主序帶
2373,電磁波理論模型
2374,德國
2375,1927年
2376,2014年
2377,影院
2378,2007年
2379,法國
2380,於1756年~1757年先發制人入侵薩克森和波西米亞
2381,國家銀行
2382,為了鞏固自己及子孫的統治
2383,蒙古語
2384,甲醇
2385,元太宗
2386,15625億日元
2387,印度教
2388,1218年
2389,918年
2390,北非作戰階段
2391,依法治國
2392,1987年
2393,[UNK]連線酶
2394,金軍
2395,互射十二碼一役
2396,對雙人方
2397,心室底壁組織
2398,
2399,40年
2400,2901.3平方公里
2401,桃園市
2402,忽必烈
2403,高等學校新生入學考試制度
2404,靠近中國大陸的大陸型氣候
2405,
2406,19世紀
2407,檀君古朝鮮
2408,月清順治帝
2409,最高人民會議常任委員會副委員長楊亨燮
2410,清宣宗時代
2411,蒙漢兩元政治
2412,黑色貝雷帽
2413,三國史記
2414,四次
2415,林彪
2416,城市的出現
2417,1973年
2418,摩門教
2419,分裂
2420,社會輿論
2421,1603年
2422,一分
2423,火山國家公園
2424,2003年
2425,競速機
2426,新石器時代
2427,孔齊
2428,李·德富雷斯特
2429,1958年
2430,世界氣象組織
2431,通貨膨脹
2432,1820年代
2433,教育統籌局
2434,[UNK]
2435,天主教
2436,釀酒業
2437,1958年
2438,2010年
2439,柏樹林
2440,7920公里/小時
2441,仙台市
2442,史和平
2443,對郵票進行蓋銷
2444,哈爾濱
2445,1967年
2446,義和團事變
2447,酒
2448,建文二年
2449,關島組織法
2450,2008年
2451,邊防具體業務工作
2452,彼得二世
2453,19世紀晚期
2454,貴金屬
2455,合不勒汗
2456,高句麗
2457,汗國
2458,民國15年
2459,80
2460,巴納德
2461,量子光學
2462,糧食
2463,愛河
2464,正保御國繪圖
2465,民國3年6月24日
2466,投保人
2467,低質量
2468,坎貝爾
2469,港島區
2470,1218年
2471,奧多內去世
2472,《中華人民共和國憲法》
2473,二十歲
2474,雙打比賽
2475,中村法道
2476,茂名
2477,鐵穆爾
2478,391年
2479,英國精神醫學期刊
2480,1849年11月1日
2481,1260年
2482,8小時
2483,氦
2484,戰基處營區土地
2485,蒙古貴族
2486,巴西爾二世
2487,黑死病
2488,1948年3月
2489,哈雷阿卡拉國家公園
2490,硫
2491,氮化硫
2492,三屆
2493,1972年
2494,都市計劃
2495,波霎
2496,哲布尊丹巴
2497,情感支持
2498,6位
2499,會稽虞氏的虞亮
2500,煤煙消除會
2501,公民化
2502,宏碁
2503,國民政府時期
2504,海因里希·赫茲
2505,傻瓜塔
2506,宋忠
2507,
2508,匹茲堡
2509,愛德蒙·哈雷
2510,福爾摩沙高速公路
2511,《動員戡亂時期臨時條款》
2512,[UNK]靼海峽
2513,1989年
2514,花垣鎮
2515,東部
2516,毒品
2517,7%
2518,韓國
2519,
2520,與鄧穎超新婚之夜
2521,泰國
2522,農民階層
2523,孔恩
2524,索契
2525,比利時
2526,重慶理工大學
2527,支持臺灣獨立的「獨派」並列為臺灣當前的兩大政治思想
2528,新天皇光明天皇
2529,托木斯克
2530,葛摩
2531,1905年
2532,《臺灣自救運動宣言》
2533,詳細規劃
2534,十億年
2535,1486年
2536,英國
2537,1950年代
2538,1500公里
2539,南極條約體系一年一度的「南極條約協商會議
2540,布里亞特人
2541,建炎二年
2542,民國15年
2543,1843年
2544,279年
2545,日本
2546,西元前1534年
2547,瓦倫本哥國家公園
2548,1906年
2549,釋迦牟尼
2550,1963年
2551,11年
2552,交通不便
2553,斯人
2554,東涌線
2555,梅艷芳是女低音
2556,1849年11月1日
2557,1997年
2558,2005年7月21日
2559,宋代
2560,國家預防腐敗局
2561,風機高度愈高，發電量愈多
2562,大學生研究計劃
2563,民國七十八年
2564,1994年
2565,王亞南
2566,茂蘿街
2567,八零年代
2568,1234年
2569,日本
2570,瑞派克路
2571,白熱電燈泡
2572,第三代戰鬥機
2573,侵權申訴
2574,康熙三十二年
2575,重工業
2576,中央印製廠
2577,1952年
2578,十二月屠殺的事件中，多達15位的政治反對領袖遭到執政政府的暗殺
2579,驅逐艦
2580,俄國內戰
2581,張成澤
2582,將相片，圖片或者是標識導入到模板中付印
2583,2500年前
2584,1904年4月1日
2585,位居台灣北部
2586,輻射
2587,紹興十一年
2588,烈女義坑
2589,調節氣溫
2590,日本青年社
2591,廣東籍
2592,羅馬帝國
2593,保守派
2594,1990年代
2595,秋明州
2596,倫敦煙霧事件
2597,加州
2598,自由
2599,韓國
2600,不穩定性
2601,北方太平洋品種的大馬哈魚常於9－10月回到黑龍江、烏蘇里江等河中產卵
2602,亨利克萊
2603,歐美國家
2604,濟州島
2605,赫爾伯特·查普曼
2606,安裝良好
2607,廿八歲
2608,濟南
2609,2016年
2610,印度國民軍士兵大審判
2611,榮休教宗
2612,美日領事機構
2613,2比1
2614,參議院
2615,1861年
2616,1991年
2617,臺灣
2618,1953年12月
2619,白[UNK]紀末滅絕事件
2620,2003年3月4日
2621,曼莫漢·辛格
2622,刺激性
2623,七七事變」
2624,民主黨的集權政策，未能代表全國人民的意願。激進黨
2625,1895年
2626,中華民國99年
2627,萊茵魯爾
2628,漢拿山
2629,拒絕投降
2630,慈禧皇太后
2631,1600分
2632,曼琪
2633,失分
2634,第一次鴉片戰爭
2635,特殊黨員
2636,中國文化
2637,蔡素玉
2638,加拿大
2639,工藝
2640,特色社會主義理論
2641,2016年
2642,4個
2643,溫州
2644,巴特伊堡
2645,《宅地法》
2646,中途公園
2647,駐越美軍
2648,燈罩
2649,高房價
2650,1848年
2651,1948年12月1日
2652,效益主義
2653,解放軍
2654,1946年
2655,伊斯蘭教
2656,元弘之亂
2657,6-8月
2658,伊斯蘭教
2659,暴雪娛樂
2660,第二次世界大戰
2661,瓦克人
2662,理論心理學
2663,南方墨點法
2664,314.23萬
2665,唐朝
2666,
2667,戴維·勞合·喬治
2668,240℃
2669,中華人民共和國國防部
2670,宮田製銃
2671,中部科學園區
2672,1802年
2673,特瓦族
2674,百濟個性溫和的雕塑
2675,麻州
2676,杜林
2677,庫侖阻力
2678,沒有完整校舍
2679,一邊一國
2680,耶穌會
2681,西塞羅
2682,英軍司令部
2683,
2684,土耳其
2685,2013年
2686,三重忠孝橋
2687,摩根
2688,1861年
2689,高崗
2690,1930年
2691,沒有水資源，降雨量非常稀薄，於是進行海水淡化
2692,64%
2693,花崗岩錐狀島嶼
2694,爭議性
2695,1755年
2696,印尼
2697,人本主義
2698,首爾塔洞公園
2699,建議安理會重新審查五國的申請
2700,英國
2701,法恩斯沃斯
2702,千分之三
2703,8200年
2704,第一次世界大戰
2705,什錦麵
2706,供給創造需求
2707,中東
2708,三十八年
2709,陳誠
2710,阿爾比派
2711,鮭魚
2712,中國大陸
2713,甘蔗
2714,滿北條氏專制政權
2715,一個用戶正在編輯，第二個用戶儲存頁面同一段落的編輯，之後當第一個用戶嘗試儲存網頁
2716,約翰·福特
2717,昆明公交
2718,2010年
2719,巴洛克風格
2720,七五憲法》
2721,2008年
2722,納粹黨
2723,清政府
2724,拿破崙
2725,因戰時的盟軍破壞
2726,漢魏故城
2727,1920年代
2728,
2729,威廉一世
2730,定向天線
2731,第1630號
2732,1702年
2733,降低因為鋼纜或者是滑輪等裝置失效導致失去控制的問題
2734,新加坡
2735,同盟國
2736,1944年
2737,標準中文
2738,布里斯托
2739,河運
2740,伏爾加河
2741,國際動物命名委員會
2742,黃金自由貿易
2743,歐陽玄
2744,太陽能發電站
2745,大韓帝國
2746,為發信者的郵件蓋上郵戳的做法非常受歡迎
2747,第265任
2748,運動一號
2749,死亡
2750,40
2751,阿拉瓦克印第安人
2752,告士打道
2753,[UNK]集團
2754,極端設計
2755,12個
2756,蘿蔔糕
2757,伽利略
2758,1875年
2759,裏海
2760,1863年
2761,1828年
2762,16世紀末葉
2763,1829年
2764,杜林
2765,2008年
2766,毛利家
2767,短體鯨龍
2768,尹伊桑
2769,拿破崙
2770,267年
2771,11月祭
2772,中華人民共和國
2773,愛格思海金斯公司
2774,阿拉巴馬州
2775,2015年
2776,《金驢記》
2777,呂蒙
2778,林肯
2779,1867年
2780,70
2781,狩獵採集社會
2782,產黨國家
2783,國民黨
2784,入學考試
2785,擔心引起教會勢力的強烈反彈
2786,東羅馬帝國仍是危機不斷
2787,鄂圖曼帝國
2788,2004年3月2日格林威治時間7:17
2789,明代
2790,1951年4月13日
2791,基督教
2792,心血管疾病
2793,石油天然氣研發中心
2794,元朝
2795,硫酸
2796,義大利戰爭
2797,超級基金法
2798,中華人民共和國
2799,納粹德國
2800,募兵制
2801,1933年
2802,1994年、1996年和2001年
2803,三藩之亂
2804,1765年
2805,天主教會
2806,以多國部隊維和活動及國防合作活動
2807,大滿貫
2808,華沙
2809,伯力
2810,外交政策
2811,區分不同
2812,8世紀
2813,約翰二世·科穆寧皇帝
2814,凡爾賽宮
2815,北海道帝國大學
2816,2008年
2817,信陽市
2818,地區邊界
2819,多部電腦
2820,動物命名法
2821,2016年
2822,1789年
2823,拔都與兀良哈台大力支持拖雷系的蒙哥
2824,國際生物科學聯合會
2825,王府長史葛誠叛變，密奏朝廷「燕王無病」
2826,金靴獎
2827,齊格蒙特三世
2828,天文學
2829,巴雷
2830,萊茵河
2831,氧化亞氮氣體
2832,沒有確立什麼新的想法，都是「批准教會內已經形成的共識」
2833,周立
2834,攻占納哈出的金山
2835,稻米成熟時
2836,內燃機
2837,銀熊獎
2838,1968年
2839,靜止心率
2840,《舊金山和約》
2841,6座
2842,1989年
2843,武昌起義
2844,直接管理寺院周圍13莊政教事務
2845,殺傷力大
2846,第一波新政
2847,球面幾何學
2848,1976年
2849,地球大氣層及其他天體之外的虛空區域
2850,第2758號
2851,1980年代
2852,楊森
2853,1859年
2854,為了更好的與羅馬帝國進行貿易活動
2855,學權部
2856,阮彌之
2857,粵西
2858,羅斯托克港
2859,印度河文明
2860,约瑟夫·斯卡利格
2861,湖州人
2862,維多利亞港
2863,郵箱業務
2864,
2865,分發式政策
2866,羅馬
2867,12歲
2868,比利時
2869,1000米
2870,馬關條約
2871,羅斯福
2872,大陸性季風氣侯
2873,214微克
2874,1席
2875,過渡時期憲法
2876,益州
2877,段思平
2878,1953年
2879,不知道散彈槍可以發射小顆粒的霰彈，一戰中被鹿彈擊中的人實際都變成蜂窩
2880,海南特別行政區海口市
2881,社會學
2882,雌雄同體
2883,遺傳定律
2884,攔截機
2885,寮國
2886,2000年
2887,15年
2888,護航艦艇
2889,1970年代
2890,第26屆
2891,武漢大學
2892,第三心音
2893,1989年
2894,史達林
2895,新北市的主要行政區過去皆為全面依賴臺北市的衛星城市
2896,英國
2897,廣州鐵路公司
2898,航宇
2899,跳舞
2900,孫傳芳
2901,元滅宋之戰
2902,亞歷山大·羅德
2903,瓦倫丁尼安三世
2904,9月
2905,占城稻
2906,周恩來
2907,中世紀中期
2908,美國登山車協會
2909,突厥語
2910,台南
2911,法律
2912,日本人在山區設蕃人公學校、蕃童教育所
2913,1987年
2914,神學研究階段
2915,1850年6月1日
2916,直布羅陀海峽
2917,把普選局限於男性
2918,一家機構的現金增減變動情形
2919,1923年
2920,凡爾賽宮室內網球場
2921,安帝
2922,1970年代
2923,托列斯海峽
2924,自由民主黨
2925,印度洋
2926,兩年
2927,大致平坦的地貌
2928,磷礦石
2929,美國
2930,克羅埃西亞
2931,1512年
2932,消亡階段
2933,肌萎縮性脊髓側索硬化症
2934,主要作為軍事防衛
2935,哈德良
2936,《關於托勒密和哥白尼兩大世界體系的對話》
2937,傳送其基因組
2938,電力取暖
2939,種族區分
2940,胡錦濤
2941,盧安達
2942,戴爾廣場足球俱樂部
2943,厄爾布魯士峰
2944,南京國民政府
2945,明朝
2946,抗戰儲備技術人才
2947,1956年
2948,沒有
2949,50個
2950,科學博物館
2951,冬無嚴寒
2952,1874年
2953,維吾爾語
2954,金大中
2955,戰爭對國家的威脅一觸即發
2956,新生代
2957,聯席會議
2958,國防報告書》
2959,忽必烈
2960,電動機
2961,宗教業務
2962,聯合國
2963,內需市場
2964,鱸形目
2965,接班第一步
2966,啟德機場
2967,瑞士
2968,日本
2969,愛爾蘭語
2970,一個小時說一個字
2971,汽運
2972,石窟藝術
2973,鍾祥蘭台宮
2974,朝鮮
2975,1972年
2976,布里斯托鎊
2977,兩天
2978,喀喇汗國
2979,直升機
2980,黨內上層
2981,1932年
2982,1952年
2983,埃及
2984,2003年1月12日
2985,釣魚臺
2986,瓦特
2987,村民委員會
2988,議會大廈
2989,三菱
2990,《韓國憲法》
2991,岳家軍
2992,宿衛軍
2993,道元禪師
2994,1637年
2995,西晉
2996,
2997,民國26年
2998,中東
2999,一次世界大戰時期
3000,大朝鮮國
3001,鋼筋混凝土
3002,一個環境涵蓋了所有生物之間的相互作用
3003,1171年
3004,《日韓合併條約》
3005,羽柴秀吉
3006,中產階級
3007,民國四十三年
3008,第48屆日本眾議院議員總選舉
3009,魏源
3010,教宗保祿六世
3011,阿拉伯宗教
3012,2個
3013,印度-雅利安語言
3014,不重視科舉
3015,博克施道夫戰役
3016,珍妮·蓋諾
3017,1629年與1636年
3018,第三
3019,自轉軸的兩極
3020,德宏州
3021,25個
3022,喬治·史蒂芬生
3023,查士丁尼一世
3024,華北平原
3025,振州
3026,回族
3027,李時珍
3028,舊莫比爾
3029,古希臘
3030,辛亥革命
3031,六十年代
3032,十年
3033,伊斯蘭教
3034,兵部右侍郎兼都察院右都御史
3035,六四天安門事件
3036,周恩來
3037,《北京條約》
3038,1976年
3039,1959年
3040,耕地面積
3041,國民議會
3042,馬鈴薯
3043,凱撒
3044,生活部
3045,科學至上精神
3046,29萬
3047,冷戰格局的結束和世界東西方關係的緩和
3048,300公厘
3049,廖內省
3050,洪邁
3051,淮安區境內
3052,左手的大拇指
3053,中共中央書記處
3054,2002年
3055,50%
3056,西里爾字母
3057,荷蘭
3058,中國共產黨紀律檢查機關
3059,五大
3060,契約經濟
3061,道路
3062,日軍河本大作大佐
3063,為了保護蒙古人地位
3064,工農業
3065,資本主義
3066,四品
3067,金正恩
3068,不贊同
3069,納粹德國戰敗，根據波茨坦會議中英、美、法、蘇四國的協議，決定在德國戰敗後將其一分為四，分別由四個戰勝國
3070,南宋紹興二十二年
3071,蘭希佩洛西
3072,1871年1月18日
3073,劉少奇
3074,90年代
3075,溫尼伯國際機場
3076,瑞士
3077,國家統治者透過集體利益性的方式，達到社會目標的實現
3078,2部
3079,交通部觀光局東北角暨宜蘭海岸國家風景區管理處
3080,黑龍江
3081,高盧帝國與羅馬對峙。高盧帝國
3082,長水村
3083,八王之亂
3084,居民委員會
3085,民國29年
3086,降低貸款利息
3087,1980年2月24日
3088,通化市
3089,康熙帝
3090,烏茲別克斯坦
3091,玉米
3092,樺樹
3093,互補夥伴關係
3094,2006年
3095,1987年
3096,馬克思主義
3097,因為史都華的影迷太多，不執行任務的時候他也不敢前往倫敦
3098,馬加人
3099,清宣統二年
3100,巴西
3101,製導合一
3102,臀位有好幾種狀況：完全臀位
3103,駱克道
3104,71.7公里
3105,神聖羅馬帝國
3106,肌源性自律性
3107,廣電總局
3108,十三翼之戰」
3109,蔣介石
3110,查理檢查站
3111,京杭大運河
3112,雲貴高原
3113,喀喇汗國
3114,1914年
3115,紅衫軍運動
3116,兵分二路
3117,烏來區
3118,綠窗口
3119,電壓
3120,希臘文化
3121,幽州
3122,國際社會的壓力
3123,直皖戰爭
3124,1970年代
3125,相聲
3126,平定南昌的寧王宸濠之亂
3127,周恩來
3128,貴霜帝國
3129,
3130,南海縣
3131,《華府風雲》
3132,韓國
3133,
3134,60米
3135,李東陽
3136,1919年
3137,100
3138,百萬分之一
3139,印度教
3140,青天白日勳章
3141,尼古拉杜霍寧
3142,浙江紹興浙軍第二旅第六團第三連當見習官
3143,以適應對外開放的需要
3144,信陽市
3145,1782年
3146,1867年
3147,日本武士時代
3148,武漢大學
3149,貝爾格勒
3150,豐田汽車
3151,政府財政撥款
3152,1918年
3153,1972年
3154,柴油
3155,巴拉馬利波
3156,在金角灣和加拉塔附近的海岸輕易突破
3157,有絲分裂
3158,卡爾施塔特
3159,西里爾字母
3160,二甲醚
3161,1987年
3162,《三國演義》
3163,黃琪翔
3164,中國人民銀行
3165,都市
3166,小熊
3167,2016年
3168,土地改革
3169,喬治·盧卡斯
3170,皇家學會
3171,周恩來在文革期間的表現，一般認為周恩來
3172,1739年
3173,帝國自由城市
3174,《開槍射擊令》
3175,布里斯托大學
3176,商業上的活力
3177,忻城縣
3178,東側
3179,田春蔚
3180,冬季奧運會
3181,亞屬名
3182,農礦部
3183,艾薩克·牛頓
3184,馬薩諸塞州
3185,4世紀
3186,第一個階段
3187,波蘭
3188,麗貝卡·布蘭克
3189,田漢
3190,太平洋戰爭
3191,西元28年
3192,同化政策
3193,莫敦梅
3194,北京
3195,1941年6月22日
3196,巴洛克風格
3197,人民共和國
3198,15年
3199,商朝
3200,俗世什一稅
3201,受貨幣經濟影響
3202,后妃傳
3203,1967年
3204,匈牙利
3205,西班牙人
3206,31個
3207,苦生活
3208,新北市
3209,北竿島
3210,拉彼魯茲
3211,奧圖·普萊明傑
3212,1235年
3213,石窟藝術
3214,水力發電廠
3215,
3216,2015年6月
3217,天主教
3218,新北市
3219,照明工程
3220,加勒比海
3221,1929年
3222,400人
3223,鱷魚
3224,多瑙河
3225,第1630號決議案
3226,三跨一懸挑
3227,1.6萬
3228,江北地區
3229,希臘文化
3230,19世紀
3231,中山粵菜
3232,君士坦斯
3233,守和林
3234,倭國
3235,1949年
3236,第四次十字軍東征
3237,
3238,[UNK][UNK]
3239,昆明巫家壩國際機場
3240,日產汽車
3241,兩棲動物
3242,負責全國邊海防工作
3243,游隼
3244,1955年
3245,曼琪
3246,13世紀
3247,星系天文學
3248,麻省理工
3249,漢族
3250,24位
3251,小高加索山脈
3252,內政部
3253,軍事科研活動
3254,中國共產黨紀律檢查機關
3255,大雨
3256,民主黨
3257,1627年
3258,性善論
3259,法國獲勝
3260,文化大革命
3261,公元第二世紀
3262,美國陸軍航空隊
3263,於1206年統一漠北諸部族後建立的大蒙古國
3264,漢朝軍事壓力
3265,1926年
3266,2013年1月1日
3267,鄧小平
3268,民國39年
3269,華萊士
3270,
3271,世界第五
3272,經濟大恐慌
3273,民國元年
3274,1909年
3275,1233年
3276,2015年
3277,卡佩爾戰爭
3278,鐵巨人
3279,教會法學
3280,維多利亞湖
3281,《關於托勒密和哥白尼兩大世界體系的對話》
3282,馬英九
3283,台北曲藝團
3284,朱文圭
3285,巴夏禮
3286,廣島市
3287,監理會
3288,超長時間
3289,韓國
3290,沒有
3291,1891米
3292,馬來西亞
3293,烏爾蘇拉
3294,92%
3295,李算
3296,秋明州
3297,物權法
3298,馬林諾夫斯基
3299,1651年
3300,世祖忽必烈
3301,江陵
3302,消極的制度治理臺灣
3303,
3304,升值2%
3305,1971年
3306,1282年
3307,爭取速度上的優勢
3308,吐蕃文字
3309,小高加索山脈
3310,用來指揮小隊或中隊
3311,明朝
3312,動物脂肪
3313,幹線道路
3314,奈及利亞
3315,1955年
3316,976毫米
3317,君士坦丁堡城
3318,路易·菲利普國王
3319,相聲瓦舍
3320,1913年
3321,1903年
3322,鐵
3323,伊斯蘭
3324,9世紀
3325,特別警察部隊
3326,內蒙古自治政府
3327,獅子
3328,宋高宗
3329,威武陳元帥廟位於西莒島青帆村
3330,美元
3331,新恆星
3332,獅子派
3333,乾隆皇帝
3334,讀書會
3335,1998年
3336,西班牙
3337,元帥
3338,成吉思汗時代
3339,其政體並未完全掌控社會經濟
3340,地中海
3341,1908年
3342,四年
3343,牡丹峰樂團團長
3344,君士坦丁八世
3345,製造空氣污染
3346,1949年
3347,岳飛
3348,劉牢之
3349,35名
3350,佐世保漢堡
3351,五分之四
3352,日本人
3353,民族主義復活
3354,德國
3355,北方方言
3356,集安
3357,1970年
3358,單斜棱晶體
3359,李·亞科卡
3360,五年
3361,瓜拿納樹
3362,特瓦族
3363,髒層
3364,加壓
3365,遺傳物質
3366,贊同簽訂秘密條約封鎖德國海岸線
3367,海什木
3368,2006年
3369,白[UNK]紀中期
3370,莫里斯哈勒
3371,哈羅德•金頓
3372,不列顛印度軍隊
3373,1932年
3374,人口較南方多出許多
3375,1964年
3376,通俗科幻小說雜誌
3377,法語
3378,政治主張
3379,國際園藝家協會
3380,合肥市政府
3381,理查特里維西克
3382,
3383,彌爾
3384,《續資治通鑑長編》卷323宋元豐五年二月己巳條
3385,幽默
3386,無量山
3387,738年
3388,美國
3389,對於旅客的換乘和貨物運輸十分不利
3390,非常小
3391,1961年
3392,計劃經濟體制
3393,英國
3394,田漢
3395,模特兒
3396,1284年
3397,民國27年
3398,悉曇體
3399,1352人／平方公里
3400,2005年3月20日
3401,43.4%
3402,路易十三
3403,沃爾特蒙代爾
3404,1935年
3405,爭取民族權利為發展趨勢
3406,伊利諾州
3407,公元前240年
3408,韋爾夫公爵
3409,性犯罪
3410,喜馬拉雅山形成
3411,信陽長台關編鐘
3412,第三代戰鬥機
3413,黃大仙區
3414,忽必烈
3415,1930年代
3416,巴西爾二世
3417,至元十八年
3418,查布漢裝甲
3419,德川家康
3420,哈大客運專線
3421,世界三大黑土地
3422,佛教
3423,恰克圖條約
3424,南部內陸高原地區
3425,上議院半數成員由國王任命
3426,聖凱薩琳教堂
3427,沈葆楨
3428,協助自殺
3429,西晉
3430,美國[UNK]電視台
3431,1985年
3432,2450084
3433,2009年
3434,11世紀
3435,郭松齡
3436,1931年
3437,歐」型恆星
3438,共產主義
3439,鳩山一郎
3440,2014年
3441,補抽鄉
3442,股份制
3443,兩年
3444,大口徑艦砲
3445,1976年
3446,「你吃飯了嗎？」
3447,15個
3448,宋公
3449,希洛分基地
3450,漢地大都
3451,康熙
3452,蓬萊閣
3453,雨果
3454,鄧小平
3455,非常高的擇偶條件
3456,華沙
3457,民國17年1月
3458,西部片
3459,雜交帶
3460,1990年代後期或以前，香港人口是男多女少，約2000年代
3461,《魔戒》
3462,1958年
3463,儒家思想
3464,1998年1月1日
3465,74-英寸光學望遠鏡
3466,廣西廣府人
3467,1897年
3468,總理
3469,1992年
3470,元弘之亂
3471,完成了內部自治的體制
3472,倭王權
3473,灣仔碼頭
3474,1991年
3475,約瑟夫
3476,大部分的時間都在國外生活
3477,雙反
3478,大爆炸理論
3479,新南威爾斯學校
3480,不好的行為，並為不好的行為制定罰則。道路上的車速限制便是一種典型的公共守則
3481,期思陂
3482,中華人民共和國
3483,朱棣
3484,2000
3485,軍隊士兵主要由穆斯林和印度教徒構成
3486,亞俄
3487,東漢
3488,1941年
3489,生命線類
3490,機場快線
3491,麥茨要塞
3492,最早有關傳染病研究的著作
